CBCSbatch_id,arm,HIT_Cellpaiting Y/N,HIT_Antiviral AB Y/N,HIT_Phospholipidosis  Y/N,CP_Result,AntiviralAB_Result,CPE_Antiviral_Response dose 1,CPE_Antiviral_Response dose 2,CPE_Antiviral_Response dose 3,CPE_Antiviral_Response dose 4,CPE_Antiviral_Response dose 5,PL_Result,tanimoto,analog_to_CBCSbatch_id
BJ1898155,primary_hit,Y,Y,N,0.879489843,19.5,1.66,2.35,18.03,19.66,36.42,-0.143594243,,
BJ1898700,primary_hit,Y,Y,N,0.927244422,8.0,-1.42,1.25,1.83,16.03,52.35,-0.103759421,,
BJ1895019,primary_hit,Y,Y,N,0.556065868,39.0,-2.66,-0.7,2.93,27.58,52.55,-0.090143511,,
BJ1898883,primary_hit,Y,Y,N,0.565244466,52.0,0.45,3.25,1.09,24.5,25.25,-0.038924999,,
BJ1898579,primary_hit,Y,N,N,0.513903067,66.0,-0.72,0.74,9.43,54.04,55.52,-0.004366473,,
BJ1896670,primary_hit,Y,Y,N,0.923952185,6.5,-7.22,-6.04,-3.89,-3.35,35.24,0.102287054,,
BJ1896407,primary_hit,Y,Y,Y,0.717049052,7.5,-1.09,1.98,3.29,-1.5,66.2,1.043826913,,
BJ1898588,primary_hit,Y,Y,Y,0.702745665,9.5,-1.61,0.41,0.1,2.49,62.48,1.027675605,,
BJ1899181,primary_hit,Y,Y,N,0.761368652,11.0,0.85,-0.21,0.86,-0.23,23.63,-0.02694398,,
BJ1898542,primary_hit,Y,Y,Y,0.509405866,12.0,-2.72,-0.14,-1.04,-2.19,69.35,0.934606008,,
BJ1894069,primary_hit,Y,Y,N,0.814524615,12.5,-1.61,-1.53,-2.86,14.67,66.86,0.069781144,,
BJ1894340,primary_hit,Y,Y,Y,0.777147864,16.0,0.32,-2.69,-5.07,-6.64,18.15,1.157799781,,
BJ1895795,primary_hit,Y,Y,Y,0.78981145,17.5,-2.83,0.22,-2.5,-0.56,62.06,0.973546256,,
BJ1899046,primary_hit,Y,Y,Y,0.581647691,17.5,-1.26,-0.3,2.11,-0.39,24.4,0.951063118,,
BJ1894509,primary_hit,Y,Y,N,0.839130005,17.5,3.02,3.97,0.97,-1.05,44.72,0.503252678,,
BJ1894492,primary_hit,Y,Y,Y,0.622845062,19.5,-0.92,-0.33,0.18,-2.52,31.06,1.089806971,,
BJ1898077,primary_hit,Y,Y,Y,0.878248074,19.5,1.32,-1.92,-0.65,-1.29,23.08,0.946319757,,
BJ1894184,primary_hit,Y,Y,Y,0.792861522,21.5,4.62,6.47,6.09,-0.24,34.84,0.998173014,,
BJ1896192,primary_hit,Y,Y,Y,0.620223705,22.0,0.07,0.4,-0.65,-3.36,83.48,1.036013665,,
BJ1894256,primary_hit,Y,Y,N,0.762605605,22.0,1.92,1.62,0.95,9.61,81.1,0.131644086,,
BJ1898994,primary_hit,Y,Y,Y,0.601859824,23.0,-0.7,-0.23,-0.35,-2.49,54.39,1.017115046,,
BJ1897292,primary_hit,Y,Y,Y,0.70898591,23.0,-1.81,-0.8,0.2,-0.47,23.99,0.988506053,,
BJ1894606,primary_hit,Y,Y,N,0.547813099,23.0,1.63,1.79,1.68,26.46,13.18,0.051101413,,
BJ1894461,primary_hit,Y,Y,N,0.837360703,23.0,1.04,2.85,26.18,4.43,-23.74,0.047026118,,
BJ1896888,primary_hit,Y,Y,Y,0.73010921,24.0,0.66,-1.2,1.69,0.64,34.54,0.996897434,,
BJ1896266,primary_hit,Y,Y,Y,0.765898372,26.0,0.75,3.53,1.66,1.45,83.1,1.128133797,,
BJ1899023,primary_hit,Y,Y,Y,0.817044433,26.0,-1.34,7.36,10.62,-0.77,57.04,0.985162191,,
BJ1898853,primary_hit,Y,Y,Y,0.717175399,26.5,0.0,2.1,-0.53,-4.0,15.15,1.010681087,,
BJ1896977,primary_hit,Y,Y,Y,0.800520182,27.5,-2.83,1.16,3.76,-0.54,40.01,0.979923463,,
BJ1895625,primary_hit,Y,Y,N,0.729296696,28.5,3.34,2.9,2.29,3.53,24.08,0.248297242,,
BJ1898014,primary_hit,Y,Y,Y,0.721657863,29.5,-3.78,-1.48,-1.97,-4.23,22.49,0.979634642,,
BJ1897355,primary_hit,Y,Y,Y,0.759622394,29.5,-0.36,2.81,0.89,-1.34,37.03,0.58023617,,
BJ1898028,primary_hit,Y,Y,N,0.570351121,32.0,-0.57,-1.3,-0.9,4.17,15.92,-0.059756353,,
BJ1896382,primary_hit,Y,Y,N,0.708982302,35.0,1.57,2.52,-0.51,0.05,20.46,0.491656848,,
BJ1896220,primary_hit,Y,Y,N,0.653494177,35.0,-0.22,0.05,-0.08,2.09,32.89,0.036615803,,
BJ1898144,primary_hit,Y,Y,N,0.737543702,37.0,2.28,1.75,5.42,7.15,20.12,0.28513566,,
BJ1898207,primary_hit,Y,Y,Y,0.932795891,37.5,-2.3,-1.01,-2.55,-0.64,22.1,0.883822332,,
BJ1898900,primary_hit,Y,Y,N,0.533692043,38.5,-0.55,1.74,0.23,-0.14,19.55,0.00027431,,
BJ1896046,primary_hit,Y,Y,Y,0.576381159,42.0,0.09,1.84,0.14,0.48,20.98,1.11043894,,
BJ1898158,primary_hit,Y,Y,N,0.756817535,43.0,1.41,0.48,1.05,1.93,44.76,0.442919326,,
BJ1896894,primary_hit,Y,Y,N,0.72249239,47.5,-4.7,-3.72,-1.32,3.72,43.19,0.086325045,,
BJ1895612,primary_hit,Y,Y,Y,0.523062819,49.0,-1.74,-2.28,-1.13,-3.17,16.37,1.009749126,,
BJ1897939,primary_hit,Y,Y,N,0.554777646,49.0,1.51,0.45,-10.65,19.85,-9.74,-0.121768061,,
BJ1896282,primary_hit,Y,Y,N,0.51952878,53.0,-1.24,0.96,0.81,-2.38,49.88,-0.014964656,,
BJ1898889,primary_hit,Y,Y,N,0.620863566,54.5,-3.27,3.73,1.88,5.81,18.51,0.146518568,,
BJ1896641,primary_hit,Y,Y,N,0.572212318,55.0,0.53,-0.52,3.59,2.28,26.8,-0.142809795,,
BJ1898322,primary_hit,Y,N,N,0.617885496,60.0,-2.04,0.24,2.16,2.87,35.72,0.150703372,,
BJ1896497,primary_hit,Y,N,N,0.70987421,60.5,2.46,5.45,4.41,14.12,36.01,0.03475499,,
BJ1897134,primary_hit,Y,N,N,0.839581088,61.0,1.32,1.21,3.09,21.55,-14.76,-0.045883954,,
BJ1898352,primary_hit,Y,N,N,0.548081851,61.5,-1.79,-0.65,1.73,4.68,23.44,-0.147880163,,
BJ1898706,primary_hit,Y,N,N,0.691828127,67.0,1.26,0.69,1.35,-0.07,18.08,0.053093314,,
BJ1898617,primary_hit,Y,N,N,0.49098854,69.0,1.62,0.29,2.14,12.17,17.73,0.294756433,,
BJ1898106,primary_hit,Y,N,N,0.4885287,69.0,-2.66,-0.48,-0.33,1.73,17.81,0.128833183,,
BJ1897125,primary_hit,Y,N,N,0.550459871,70.0,-2.96,2.22,-0.24,7.24,44.35,0.013198588,,
BJ1895213,primary_hit,Y,N,N,0.601542685,71.0,-1.61,0.4,-0.73,2.72,16.1,-0.023742675,,
BJ1895013,primary_hit,Y,N,N,0.508332506,87.0,1.72,3.81,2.55,1.08,16.96,-0.12798658,,
BJ1896110,primary_hit,Y,N,N,0.500130727,88.5,0.4,-2.13,-3.35,3.07,29.55,-0.052578808,,
BJ1896146,primary_hit,Y,Y,N,0.847231218,12.0,-0.52,0.67,1.13,0.77,5.33,0.500804767,,
BJ1897914,primary_hit,Y,Y,N,0.77457699,16.5,-0.23,1.56,-0.49,4.98,3.63,0.068109208,,
BJ1898414,primary_hit,Y,Y,Y,0.766782325,17.0,1.58,-0.96,-2.63,-2.76,-5.6,0.956421857,,
BJ1898237,primary_hit,Y,Y,Y,0.845371702,20.0,1.8,2.9,0.77,-2.27,-3.52,1.038939919,,
BJ1894949,primary_hit,Y,Y,Y,0.83394029,21.5,0.05,-0.56,-0.38,0.21,-0.41,0.677192065,,
BJ1894223,primary_hit,Y,Y,N,0.732165864,23.5,-2.61,0.97,1.2,8.78,-26.41,-0.041150669,,
DD4386006,primary_hit,Y,Y,N,0.761440965,26.0,-0.54,1.32,1.51,0.56,9.79,0.233881188,,
BJ1894559,primary_hit,Y,Y,Y,0.676677365,26.5,3.3,4.37,2.07,0.78,0.68,1.038086315,,
BJ1894762,primary_hit,Y,Y,Y,0.741559436,27.5,-0.92,0.64,0.48,-0.06,14.55,0.986917101,,
BJ1897652,primary_hit,Y,Y,N,0.702396936,29.5,-1.24,0.81,-1.55,-2.62,11.99,-0.089131784,,
BJ1897624,primary_hit,Y,Y,Y,0.727701747,33.5,0.63,1.12,2.12,0.47,13.8,1.023650572,,
BJ1896434,primary_hit,Y,Y,N,0.641632285,33.5,2.11,0.87,0.06,2.0,9.98,-0.083451735,,
BJ1896405,primary_hit,Y,Y,Y,0.645546411,35.0,-0.77,3.75,1.71,-0.84,14.81,0.698527051,,
BJ1896278,primary_hit,Y,Y,Y,0.659268009,35.5,5.01,2.28,2.72,0.28,12.55,1.086677912,,
BJ1895651,primary_hit,Y,Y,N,0.641863218,36.5,-1.01,2.19,0.65,-1.52,2.33,0.288091129,,
BJ1895960,primary_hit,Y,Y,N,0.593001447,39.5,-2.43,-1.09,3.13,3.7,13.79,0.053016871,,
BJ1897675,primary_hit,Y,Y,N,0.683069614,40.5,0.26,-1.48,0.28,-0.75,14.02,0.332241579,,
BJ1895621,primary_hit,Y,Y,Y,0.676575748,41.0,0.57,1.63,0.85,-0.19,1.89,1.015697308,,
BJ1896186,primary_hit,Y,Y,Y,0.66992936,41.0,1.23,-0.6,1.72,-0.01,6.35,0.661486777,,
BJ1896659,primary_hit,Y,Y,Y,0.714201385,41.0,2.49,-1.33,-2.16,1.83,-12.84,0.637971892,,
BJ1898852,primary_hit,Y,Y,N,0.579780786,41.0,-1.15,0.64,-1.64,-3.16,7.29,0.012134767,,
BJ1896003,primary_hit,Y,Y,N,0.590059585,42.5,0.41,1.64,2.31,1.17,1.72,-0.007303767,,
BJ1898678,primary_hit,Y,Y,N,0.736178339,43.5,-0.44,0.33,1.55,11.25,12.34,-0.007103845,,
BJ1897887,primary_hit,Y,Y,Y,0.770574861,44.0,0.75,2.18,-0.68,-4.72,11.91,0.883166029,,
BJ1894305,primary_hit,Y,Y,Y,0.670116646,44.0,0.78,3.51,1.37,4.09,4.6,0.609233922,,
BJ1897356,primary_hit,Y,Y,N,0.589597726,46.0,3.8,0.96,-1.9,0.29,10.83,-0.072855528,,
BJ1895431,primary_hit,Y,Y,Y,0.746942238,47.0,-2.53,-0.71,0.92,-2.04,-6.87,0.914514938,,
BJ1895367,primary_hit,Y,Y,N,0.697116805,47.0,0.58,-0.7,1.37,-2.2,1.18,0.437907933,,
BJ1897660,primary_hit,Y,Y,N,0.622980845,49.5,0.46,-1.47,0.83,1.68,11.27,-0.0519175,,
BJ1898834,primary_hit,Y,Y,Y,0.605653722,50.0,0.86,1.48,0.7,-2.23,-4.94,0.771657721,,
BJ1895647,primary_hit,Y,Y,Y,0.533646889,50.5,1.64,1.12,3.52,-0.64,-3.1,0.929816852,,
BJ1896374,primary_hit,Y,Y,N,0.567063041,51.5,5.12,5.28,5.34,7.91,4.87,0.442080329,,
BJ1894043,primary_hit,Y,Y,N,0.525720837,52.0,2.6,2.0,2.79,-2.77,0.19,0.027545796,,
BJ1895648,primary_hit,Y,Y,Y,0.533266272,54.5,2.39,4.9,14.74,-9.02,-0.59,0.926184243,,
BJ1894773,primary_hit,Y,Y,N,0.480905914,55.5,3.59,0.39,5.65,5.16,-17.36,-0.096541104,,
BJ1896314,primary_hit,Y,Y,Y,0.514453839,56.0,4.22,4.54,-0.29,-0.75,-3.22,0.835674706,,
BJ1896839,primary_hit,Y,Y,N,0.629079283,56.0,2.48,3.16,-1.73,2.79,-18.63,-0.018822205,,
BJ1894548,primary_hit,Y,Y,N,0.553941756,57.5,-1.07,-2.02,0.51,-0.4,-1.51,0.053976347,,
BJ1895591,primary_hit,Y,Y,Y,0.568370472,59.0,1.01,2.75,1.92,-0.09,-5.55,1.080183129,,
BJ1895743,primary_hit,Y,Y,N,0.477465574,59.0,-2.54,0.31,1.05,0.36,3.02,0.008825633,,
BJ1896994,primary_hit,Y,Y,N,0.580871998,59.5,1.41,-0.38,1.09,1.24,2.9,0.017285611,,
BJ1898131,primary_hit,Y,N,Y,0.537916844,60.5,-2.3,3.28,3.56,-2.75,5.75,0.974653224,,
BJ1896164,primary_hit,Y,N,Y,0.505504032,63.5,-4.44,-4.12,-5.12,-1.81,0.56,0.731963315,,
BJ1898984,primary_hit,Y,N,N,0.556708607,64.0,-0.43,-0.22,1.49,3.96,4.75,0.095860664,,
BJ1899227,primary_hit,Y,N,N,0.596627549,64.5,0.9,2.7,0.06,4.86,4.52,0.005577776,,
BJ1894182,primary_hit,Y,N,Y,0.517233017,65.0,-0.64,0.99,1.41,-0.82,-1.85,0.988741094,,
BJ1895283,primary_hit,Y,N,Y,0.538858976,66.0,-10.29,0.27,-2.53,-3.36,-9.56,1.086969644,,
BJ1894933,primary_hit,Y,N,Y,0.480371176,66.5,0.44,1.6,0.1,-0.58,-5.7,0.865330985,,
BJ1897153,primary_hit,Y,N,N,0.567136489,67.0,-1.66,-0.88,-0.76,0.98,3.67,0.115306315,,
BJ1894766,primary_hit,Y,N,Y,0.528302784,67.5,-0.13,-0.16,-1.28,0.5,3.03,0.964679585,,
BJ1897531,primary_hit,Y,N,N,0.490257971,68.5,6.45,-1.88,-1.71,-1.48,12.21,-0.075230724,,
BJ1896623,primary_hit,Y,N,Y,0.471220696,69.5,0.9,-1.43,-4.23,0.67,3.02,0.530822713,,
BJ1894449,primary_hit,Y,N,N,0.532625905,69.5,-1.82,-2.19,0.37,0.56,11.99,0.146946824,,
BJ1896530,primary_hit,Y,N,N,0.496188382,69.5,0.91,0.89,1.56,4.49,8.83,0.101332851,,
BJ1898770,primary_hit,Y,N,N,0.502308999,71.0,0.43,3.81,0.84,2.62,4.56,0.013849096,,
BJ1896419,primary_hit,Y,N,N,0.62926518,72.0,1.12,2.49,0.56,5.29,12.06,0.027147905,,
BJ1898312,primary_hit,Y,N,N,0.612365053,72.5,-0.48,0.44,0.04,-2.69,4.92,0.338895874,,
BJ1898324,primary_hit,Y,N,N,0.61870065,72.5,5.39,5.15,0.64,1.97,9.27,0.215453641,,
BJ1898868,primary_hit,Y,N,N,0.607024484,73.5,-1.37,-1.43,-0.97,-1.01,8.93,0.049586577,,
BJ1898667,primary_hit,Y,N,N,0.470390032,74.5,0.9,-0.82,-1.07,0.5,13.87,-0.045902624,,
BJ1897192,primary_hit,Y,N,N,0.479874012,75.5,0.1,-0.07,0.23,-2.88,-2.0,0.046463647,,
BJ1897693,primary_hit,Y,N,N,0.577781353,76.0,1.66,1.86,2.63,-1.57,4.87,-0.038964184,,
BJ1894757,primary_hit,Y,N,N,0.490524985,76.5,1.68,2.25,0.83,1.27,3.23,-0.099825015,,
BJ1897538,primary_hit,Y,N,N,0.4725672,77.5,0.78,3.65,0.98,0.96,11.64,-0.109529805,,
BJ1895423,primary_hit,Y,N,N,0.481308758,78.0,-0.2,-2.64,-2.34,-2.86,3.12,0.294690988,,
BJ1894117,primary_hit,Y,N,N,0.485451165,78.0,0.63,-2.39,-1.04,-0.98,3.48,-0.016148475,,
BJ1896776,primary_hit,Y,N,Y,0.506041835,79.0,-4.51,0.12,-2.01,-0.29,0.08,0.818522079,,
BJ1898626,primary_hit,Y,N,N,0.686231842,80.0,-0.68,0.41,1.87,-0.96,0.94,0.115475605,,
BJ1896713,primary_hit,Y,N,N,0.563168965,80.5,-0.21,-0.79,0.55,2.32,0.23,0.193497531,,
BJ1898639,primary_hit,Y,N,N,0.534958467,82.0,0.61,0.92,2.32,2.1,0.48,0.17230827,,
BJ1894901,primary_hit,Y,N,N,0.534638598,83.0,-1.53,0.88,2.29,-3.09,-2.34,0.000545621,,
BJ1898772,primary_hit,Y,N,N,0.481040082,84.5,1.74,-0.55,1.26,-8.96,-7.74,0.338813168,,
BJ1898444,primary_hit,Y,N,N,0.51026242,85.0,1.44,-2.89,0.07,-1.38,-7.78,-0.013038041,,
BJ1894657,primary_hit,Y,N,N,0.523358442,85.5,-1.12,1.14,1.12,1.58,5.84,-0.050174324,,
BJ1896858,primary_hit,Y,N,N,0.495294218,86.0,3.28,0.47,0.44,0.83,4.26,-0.008162053,,
BJ1898323,primary_hit,Y,N,N,0.481880456,86.0,-2.22,1.14,-0.73,4.29,8.03,-0.037985514,,
BJ1897886,primary_hit,Y,N,N,0.516829832,87.0,-0.63,0.1,0.18,1.08,2.4,-0.014481102,,
BJ1896256,primary_hit,Y,N,N,0.488320981,87.0,0.81,3.31,2.3,-3.28,-2.39,-0.0447803,,
BJ1895845,primary_hit,Y,N,N,0.541005774,87.5,1.9,2.01,-0.55,3.41,6.34,0.012968793,,
BJ1895969,primary_hit,Y,N,N,0.68526426,93.5,2.07,1.35,2.47,6.0,-1.83,0.025333988,,
BJ1896483,primary_hit,Y,N,N,0.489074305,94.0,-3.49,2.37,-1.14,-0.94,-7.89,0.001189244,,
BJ1898416,primary_hit,Y,N,N,0.963703984,94.5,0.11,1.26,0.85,0.22,-1.99,0.299005038,,
BJ1896498,primary_hit,Y,N,N,0.509951645,95.0,-0.86,-1.83,-1.83,1.55,2.09,0.052932603,,
BJ1894372,primary_hit,Y,N,N,0.609280142,95.5,0.05,0.93,-1.06,0.95,2.21,-0.02121068,,
BJ1898276,primary_hit,Y,N,N,0.654110857,99.0,-2.48,1.22,-1.94,-2.0,-11.46,0.071618364,,
BJ1898590,primary_hit,Y,N,N,0.534831741,99.5,-1.05,0.05,-0.65,0.89,-9.28,-0.043782705,,
BJ1895069,primary_hit,Y,N,N,0.473979759,100.5,-2.19,-3.05,-2.08,-2.42,-5.91,0.167909475,,
BJ1898435,primary_hit,Y,N,N,0.551249133,101.5,0.06,0.76,0.97,4.29,-2.56,0.160985027,,
BJ1898164,primary_hit,Y,N,Y,0.493260217,104.5,2.2,0.76,-0.49,0.96,-1.88,0.997118048,,
BJ1898256,primary_hit,Y,N,N,0.620254196,105.5,-2.2,-0.09,-0.31,-0.93,-3.47,0.015394529,,
BJ1898995,primary_hit,Y,N,N,0.497483583,106.0,-1.31,0.26,0.15,-0.45,1.88,-0.121855051,,
BJ1898589,primary_hit,Y,N,N,0.567279988,106.5,-1.46,0.18,1.77,5.75,8.96,-0.053686996,,
BJ1897127,primary_hit,Y,N,N,0.685089283,110.5,-0.58,-1.4,-1.89,0.24,-1.4,0.080981411,,
BJ1897296,primary_hit,N,Y,Y,-0.333719616,43.5,0.81,1.56,26.76,20.42,19.1,0.868779919,,
BJ1898425,primary_hit,N,N,N,0.101264909,106.5,2.06,1.34,22.28,28.96,20.78,-0.079394698,,
BJ1898873,primary_hit,N,N,N,-0.31242162,108.0,0.33,3.66,38.6,34.53,24.67,-0.037136497,,
BJ1897042,primary_hit,N,N,N,-0.046394539,108.5,-0.89,1.36,21.24,34.19,18.69,-0.078695467,,
BJ1897477,primary_hit,N,Y,Y,0.260718749,50.5,1.37,4.2,27.32,19.04,13.18,0.590875064,,
BJ1895005,primary_hit,N,N,N,0.392347141,69.0,2.12,2.86,6.34,27.64,17.38,-0.07058299,,
BJ1896534,primary_hit,N,N,N,0.028956258,92.0,0.06,0.68,1.48,32.55,27.73,-0.048243827,,
BJ1897024,primary_hit,N,N,N,-0.096144501,96.5,1.7,11.0,32.82,27.1,12.69,0.035903444,,
BJ1898941,primary_hit,N,N,N,0.224344099,99.0,-1.74,-2.6,1.86,24.41,36.04,-0.051376977,,
BJ1898866,primary_hit,N,N,N,0.150327951,106.0,-0.78,-2.2,-2.08,15.02,34.78,-0.082152691,,
BJ1898508,primary_hit,N,N,N,-0.003857541,107.5,-2.73,0.16,4.82,50.85,56.96,-0.121087575,,
BJ1898105,primary_hit,N,N,N,-0.174155668,108.0,7.07,18.0,18.27,4.59,10.19,-0.09647701,,
BJ1897631,primary_hit,N,N,N,-0.138278224,111.0,3.63,2.32,7.62,24.67,30.36,-0.105371608,,
BJ1897378,primary_hit,N,Y,Y,0.296710579,22.5,0.58,-2.43,-1.38,-2.98,59.61,1.116080959,,
BJ1897260,primary_hit,N,Y,Y,0.243323578,25.5,-0.61,0.14,3.08,0.9,68.54,1.112809901,,
BJ1897253,primary_hit,N,Y,Y,0.30603616,25.5,2.56,-0.34,1.46,3.69,66.12,0.725938629,,
BJ1899137,primary_hit,N,Y,Y,0.442845555,30.5,1.34,1.21,-0.77,3.94,45.46,1.023408192,,
BJ1896578,primary_hit,N,Y,N,0.111186846,36.0,-1.08,0.6,1.1,3.0,18.8,-0.09248728,,
BJ1898702,primary_hit,N,Y,N,0.002727995,42.0,-1.68,-2.43,11.36,34.89,10.15,-0.147843735,,
BJ1897506,primary_hit,N,Y,N,0.442600858,43.0,2.72,0.03,1.2,5.02,17.98,-0.146885555,,
BJ1898147,primary_hit,N,Y,Y,0.372563376,45.0,-1.01,0.63,0.62,-3.58,54.31,1.000443548,,
BJ1898149,primary_hit,N,N,N,0.455063346,61.0,0.53,-0.51,-0.62,8.36,48.37,0.198140644,,
BJ1897485,primary_hit,N,N,N,0.144013046,68.0,-2.02,1.39,-0.31,-1.74,29.19,0.071433263,,
BJ1898592,primary_hit,N,N,N,0.352483726,68.0,1.01,-0.44,0.05,8.27,36.79,0.045167361,,
BJ1896452,primary_hit,N,N,N,0.427472175,69.5,24.22,-2.54,-0.99,-2.31,3.11,-0.015120261,,
BJ1898436,primary_hit,N,N,Y,-0.061302511,74.0,-0.06,0.17,3.74,8.31,28.14,0.868081256,,
BJ1895962,primary_hit,N,N,Y,0.427438476,74.5,1.0,1.64,1.67,2.48,33.86,0.522181811,,
BJ1896473,primary_hit,N,N,Y,0.258580744,75.5,3.32,2.54,0.98,1.22,21.96,0.970323364,,
BJ1896644,primary_hit,N,N,N,0.063103309,76.0,-0.74,-0.19,-0.14,2.1,43.44,-0.054141047,,
DD4386002,primary_hit,N,N,N,0.084786649,77.5,-0.73,1.69,-1.43,-2.54,51.43,-0.02595413,,
BJ1895405,primary_hit,N,N,N,0.461078436,77.5,-0.29,-1.27,-1.35,-2.66,21.34,-0.051692722,,
BJ1895897,primary_hit,N,N,N,0.222125799,78.5,-0.97,-0.24,-0.99,2.87,19.31,-0.031684578,,
BJ1895494,primary_hit,N,N,N,0.173020563,79.0,-1.2,2.8,1.5,-2.41,33.87,0.116342875,,
BJ1897775,primary_hit,N,N,N,0.299836469,79.0,3.21,4.4,7.71,18.43,-21.15,-0.044662601,,
BJ1895397,primary_hit,N,N,N,0.40698451,79.0,3.05,3.28,4.39,-11.55,15.37,-0.070005986,,
BJ1896717,primary_hit,N,N,N,0.334761121,80.5,1.2,-0.13,3.36,5.15,19.73,-0.009608025,,
BJ1896309,primary_hit,N,N,N,-0.073642607,81.0,-0.08,-0.71,1.56,16.48,12.24,0.044359736,,
BJ1895611,primary_hit,N,N,N,0.234241296,84.0,1.95,2.95,1.19,3.83,19.63,-0.011601553,,
BJ1895412,primary_hit,N,N,N,0.327413135,85.5,0.7,3.64,2.11,7.21,18.45,0.008779283,,
BJ1896043,primary_hit,N,N,N,0.213342002,85.5,0.53,0.22,0.42,13.83,45.52,-0.04525425,,
BJ1898849,primary_hit,N,N,N,-0.102059116,86.0,-2.53,0.01,-0.72,4.3,18.02,0.075735129,,
BJ1897109,primary_hit,N,N,N,0.098801602,86.0,-1.59,-0.87,-1.72,7.05,15.8,0.043442927,,
BJ1896319,primary_hit,N,N,N,0.045461243,86.0,-4.04,0.46,3.9,2.41,37.03,0.031578794,,
BJ1898069,primary_hit,N,N,N,0.383466653,86.0,-0.25,1.09,1.62,-0.01,42.19,-0.067661854,,
BJ1897297,primary_hit,N,N,N,0.222963086,87.5,0.13,-1.36,0.35,-1.45,20.87,0.047447982,,
BJ1894592,primary_hit,N,N,N,0.311309126,90.0,17.48,0.53,2.57,0.85,1.16,0.063119456,,
BJ1894604,primary_hit,N,N,N,0.039864637,91.5,1.44,0.32,1.01,29.9,-21.9,-0.028757722,,
BJ1896570,primary_hit,N,N,N,0.07623962,92.0,-0.48,0.04,1.98,0.14,27.91,0.031949946,,
BJ1895954,primary_hit,N,N,N,0.168358452,92.0,2.15,5.91,2.87,4.85,22.54,0.005205899,,
BJ1897892,primary_hit,N,N,N,0.068359505,93.0,-0.89,0.77,2.28,6.64,29.46,0.118127673,,
BJ1898963,primary_hit,N,N,N,0.234755463,93.0,-2.13,-1.13,0.05,-0.2,69.33,-0.026590695,,
BJ1895920,primary_hit,N,N,N,0.331089334,93.0,0.59,-2.15,-2.29,-3.45,40.87,-0.033970275,,
BJ1898424,primary_hit,N,N,N,-0.033676202,93.5,-2.33,2.02,5.21,-10.97,22.94,0.038661276,,
BJ1895796,primary_hit,N,N,N,-0.042675611,93.5,-0.54,-0.03,0.19,-0.88,29.51,0.000955005,,
BJ1895360,primary_hit,N,N,N,-0.044717868,94.0,3.78,19.97,1.14,-1.55,0.92,0.060344522,,
BJ1898431,primary_hit,N,N,N,0.064327174,94.0,1.38,0.72,1.12,-3.55,54.78,-0.050731501,,
BJ1898998,primary_hit,N,N,N,0.178142396,94.0,1.12,0.73,-10.08,12.36,33.06,-0.151259713,,
BJ1898224,primary_hit,N,N,Y,0.168263705,94.5,-0.93,-2.3,-2.43,0.0,20.43,0.837903365,,
BJ1895608,primary_hit,N,N,N,0.36132975,94.5,-1.33,0.45,2.39,1.71,68.48,-0.037735545,,
BJ1897268,primary_hit,N,N,N,0.091882124,94.5,0.05,1.88,1.49,4.24,28.74,-0.073320285,,
BJ1894563,primary_hit,N,N,N,0.171533849,96.5,0.1,1.97,2.27,3.88,21.06,-0.015900971,,
BJ1897228,primary_hit,N,N,N,0.088170767,96.5,-1.49,-3.61,-2.28,1.46,18.21,-0.055959454,,
BJ1898499,primary_hit,N,N,N,0.107700565,97.0,-0.74,1.14,0.8,3.78,43.54,-0.016924346,,
BJ1897713,primary_hit,N,N,N,0.106488504,97.0,-1.63,4.35,0.8,-0.28,49.64,-0.080968153,,
BJ1895675,primary_hit,N,N,N,0.028751531,97.5,-6.47,-0.46,-2.52,-1.84,24.33,0.072974948,,
BJ1895980,primary_hit,N,N,N,0.027787193,97.5,0.73,1.45,2.5,1.69,42.36,-0.005373045,,
BJ1895773,primary_hit,N,N,N,-0.018623503,97.5,0.09,1.35,-1.44,-4.04,42.43,-0.020746915,,
BJ1897104,primary_hit,N,N,N,0.088617726,97.5,2.15,2.3,8.92,16.34,4.7,-0.043830083,,
BJ1894160,primary_hit,N,N,N,0.105560797,98.0,2.71,4.55,4.28,12.65,24.8,0.007329085,,
BJ1898903,primary_hit,N,N,N,0.212855305,98.0,-4.56,-2.52,-1.92,-1.96,61.26,-0.086076213,,
BJ1894227,primary_hit,N,N,N,0.250762237,98.5,5.63,6.26,-1.76,-2.87,17.44,0.020682654,,
BJ1894281,primary_hit,N,N,N,0.097942007,98.5,-0.1,15.43,1.85,-0.64,0.85,0.015387361,,
BJ1895862,primary_hit,N,N,N,0.212197677,98.5,1.77,1.95,0.45,0.78,48.82,0.00658723,,
BJ1897029,primary_hit,N,N,N,0.395952359,99.0,0.55,-1.31,2.08,-2.15,30.32,0.080679728,,
BJ1898160,primary_hit,N,N,N,0.402858576,99.0,1.4,-0.17,-0.31,1.55,54.98,-0.005914431,,
BJ1894124,primary_hit,N,N,N,0.017712215,99.0,3.76,-1.63,-5.58,-0.32,27.39,-0.008542382,,
BJ1896626,primary_hit,N,N,N,-0.192983712,100.5,2.85,3.17,-0.53,-1.03,18.27,-0.002997806,,
BJ1894112,primary_hit,N,N,N,0.13226752,100.5,-1.65,-0.93,16.12,0.45,2.11,-0.019861425,,
BJ1895963,primary_hit,N,N,N,0.019334755,100.5,1.4,1.56,1.81,2.57,19.12,-0.038116434,,
BJ1896565,primary_hit,N,N,N,0.377301595,100.5,0.14,-0.24,2.63,-0.7,40.71,-0.081569166,,
BJ1895486,primary_hit,N,N,N,0.081209827,101.0,3.31,1.2,2.79,4.77,24.41,0.065103102,,
BJ1898404,primary_hit,N,N,N,0.201416224,101.0,-2.0,-3.97,-2.44,-5.76,48.93,0.033908111,,
BJ1897102,primary_hit,N,N,N,0.262394233,101.0,-1.23,-0.27,2.87,0.63,59.17,-0.006030966,,
BJ1894176,primary_hit,N,N,N,0.148499436,101.5,0.62,0.67,2.73,-0.06,33.95,0.005418892,,
BJ1895602,primary_hit,N,N,N,0.004578256,102.0,2.26,6.22,4.19,1.47,20.84,0.328127663,,
BJ1896916,primary_hit,N,N,N,-0.094183958,102.0,-0.61,-0.4,149.89,0.04,-0.36,0.044827669,,
BJ1894484,primary_hit,N,N,N,0.067390455,102.0,4.92,6.46,0.49,-1.73,36.7,0.001481977,,
BJ1894388,primary_hit,N,N,N,0.044966811,102.0,3.91,6.0,44.19,7.95,-30.62,-0.030369564,,
BJ1895144,primary_hit,N,N,N,0.021085178,102.0,5.63,4.85,15.36,-1.21,-0.18,-0.043671549,,
BJ1895046,primary_hit,N,N,N,-0.031845826,102.0,-2.85,-1.33,-0.65,0.63,15.7,-0.088173975,,
BJ1894253,primary_hit,N,N,N,0.264819078,102.0,0.91,2.62,-0.09,2.63,28.28,-0.091156197,,
BJ1898944,primary_hit,N,N,N,0.402972156,102.0,-1.42,0.72,3.01,1.54,24.45,-0.13141432,,
BJ1898993,primary_hit,N,N,N,0.142210521,103.0,-3.95,-2.61,-2.69,1.32,16.0,0.074779673,,
BJ1894152,primary_hit,N,N,N,0.32538296,103.0,1.1,1.76,1.3,4.46,71.66,0.000466482,,
BJ1894070,primary_hit,N,N,N,0.025912352,103.0,2.2,0.54,3.52,15.1,1.89,-0.016040045,,
BJ1898951,primary_hit,N,N,N,0.053376999,103.0,-0.45,-0.79,-1.98,9.6,16.51,-0.062231144,,
BJ1896524,primary_hit,N,N,N,0.027664852,103.5,-1.15,-1.24,1.47,3.18,55.96,0.003810144,,
BJ1898949,primary_hit,N,N,N,-0.012806321,103.5,-1.09,0.62,2.48,3.69,20.31,-0.018573402,,
BJ1896990,primary_hit,N,N,N,0.193941827,103.5,0.9,0.99,2.87,5.44,19.83,-0.105390472,,
BJ1897081,primary_hit,N,N,N,-0.23847071,104.0,-2.89,-3.44,-2.56,-11.54,36.34,0.008097407,,
BJ1895894,primary_hit,N,N,N,0.066739233,104.0,-2.34,24.26,1.95,-1.99,1.66,-0.012035597,,
BJ1897431,primary_hit,N,N,N,0.181674278,104.0,-0.41,1.21,2.17,-2.36,58.84,-0.031856502,,
BJ1895706,primary_hit,N,N,N,0.163641355,104.0,-1.22,-1.62,2.92,3.36,28.95,-0.03484971,,
BJ1895626,primary_hit,N,N,N,0.104641769,104.0,1.5,15.06,3.45,-4.91,1.68,-0.070265202,,
BJ1896548,primary_hit,N,N,N,-0.096509206,104.0,-1.14,-1.2,-1.86,1.14,23.11,-0.108323279,,
BJ1894855,primary_hit,N,N,N,0.027893429,104.5,24.17,0.49,-0.06,0.7,-3.28,0.03195108,,
BJ1897596,primary_hit,N,N,N,0.001010082,104.5,3.89,-0.13,2.26,1.69,23.75,0.008277527,,
BJ1896661,primary_hit,N,N,N,0.142572231,104.5,2.64,-1.33,-2.15,1.63,48.4,-0.056739962,,
BJ1898707,primary_hit,N,N,N,0.062085956,104.5,0.88,0.74,2.78,5.87,40.75,-0.064486504,,
BJ1895828,primary_hit,N,N,N,0.187342556,105.0,-0.99,0.89,1.34,0.62,24.89,-0.071430459,,
BJ1897498,primary_hit,N,N,N,-0.436403546,105.0,0.79,7.15,14.4,16.0,14.78,-0.179677457,,
BJ1897158,primary_hit,N,N,N,0.12770721,105.5,-2.64,1.12,-0.23,-1.66,43.8,0.096644085,,
BJ1895308,primary_hit,N,N,N,0.110073279,105.5,-4.01,-3.41,52.08,-3.71,-4.78,-0.075080249,,
BJ1895983,primary_hit,N,N,N,0.145397907,105.5,-1.35,-1.68,-1.07,6.09,18.98,-0.094262448,,
BJ1895968,primary_hit,N,N,N,0.158716073,106.0,-0.63,-2.66,-1.94,1.33,50.22,-0.021460504,,
BJ1894366,primary_hit,N,N,N,-0.180185732,106.0,2.21,-0.51,2.2,4.65,17.03,-0.042989574,,
BJ1898465,primary_hit,N,N,N,0.12262036,106.0,-3.07,-2.2,-0.1,8.92,32.53,-0.08871746,,
BJ1897128,primary_hit,N,N,N,-0.175490429,106.5,-0.57,-0.23,3.35,6.09,15.72,0.005644658,,
BJ1898163,primary_hit,N,N,N,0.255253194,106.5,-1.08,0.48,2.84,1.79,24.48,-0.115557617,,
BJ1899060,primary_hit,N,N,N,-0.259112605,107.0,2.85,3.94,-1.03,33.7,-23.43,-0.002298724,,
BJ1898239,primary_hit,N,N,N,0.129812161,107.0,-0.74,1.53,-0.45,-4.96,45.14,-0.024649855,,
BJ1894363,primary_hit,N,N,N,0.039736434,107.0,0.16,2.51,47.23,-3.55,-4.89,-0.077533666,,
BJ1898725,primary_hit,N,N,N,-0.030011836,107.0,-0.9,4.83,12.42,0.83,17.67,-0.086963067,,
BJ1897957,primary_hit,N,N,N,0.043888855,107.0,-1.29,0.26,1.24,0.66,30.78,-0.10893529,,
BJ1894156,primary_hit,N,N,N,-6.12073e-06,107.5,1.68,1.55,-2.86,-1.8,20.76,-0.018236276,,
BJ1898503,primary_hit,N,N,N,0.110845277,107.5,2.58,-1.52,-2.03,3.9,27.25,-0.065518076,,
BJ1898434,primary_hit,N,N,N,0.200633372,107.5,2.01,5.2,2.97,-0.97,19.75,-0.105051812,,
BJ1896247,primary_hit,N,N,N,0.126373752,108.0,-0.75,-0.09,-3.03,19.02,2.31,-0.005968505,,
BJ1894613,primary_hit,N,N,N,-0.19309267,108.0,1.59,2.17,36.23,11.56,-11.1,-0.132086177,,
BJ1895339,primary_hit,N,N,N,-0.124396375,108.5,-1.57,0.08,0.94,-5.7,16.78,-0.117564703,,
BJ1895912,primary_hit,N,N,N,-0.131051816,108.5,3.04,-4.1,1.42,13.46,19.55,-0.153257072,,
BJ1894810,primary_hit,N,N,N,0.303770076,109.0,1.41,3.38,-2.55,1.05,41.91,-0.012736196,,
BJ1897822,primary_hit,N,N,N,-0.026531493,109.0,1.48,1.92,26.84,4.61,-16.15,-0.132183584,,
BJ1896336,primary_hit,N,N,N,0.145665617,109.5,-2.04,-1.61,0.88,-1.26,57.26,0.004786547,,
BJ1898918,primary_hit,N,N,N,0.070493468,109.5,-1.83,1.0,-2.55,-0.64,42.34,-0.025162345,,
BJ1898075,primary_hit,N,N,N,-0.108291147,111.0,-3.61,-0.41,-1.36,4.83,16.9,-0.070276276,,
BJ1898293,primary_hit,N,N,N,-0.20502901,111.0,2.2,-0.57,-1.43,11.83,55.22,-0.179357796,,
BJ1899013,primary_hit,N,N,N,-0.212368349,111.5,4.28,6.39,3.8,17.21,-13.68,-0.087134108,,
BJ1895869,primary_hit,N,N,N,-0.2730478,111.5,1.37,1.44,-3.0,-7.12,21.65,-0.142145975,,
BJ1895492,primary_hit,N,N,N,-0.054367668,112.0,1.37,1.85,1.34,2.22,23.67,0.010284924,,
BJ1895846,primary_hit,N,N,N,-0.082466116,112.0,2.67,-1.44,0.93,1.94,28.98,-0.043690187,,
BJ1895205,primary_hit,N,N,N,-0.053636225,112.0,0.91,0.58,-0.78,-2.3,16.2,-0.071179289,,
BJ1895112,primary_hit,N,N,N,-0.113264539,112.5,-1.64,0.59,-0.03,-3.31,73.33,0.05474321,,
BJ1895650,primary_hit,N,N,N,0.172996094,112.5,0.18,-2.24,0.01,4.59,18.79,-0.02639334,,
BJ1894102,primary_hit,N,N,N,0.037036754,113.0,1.58,0.21,0.06,-11.29,71.54,-0.133605788,,
BJ1895156,primary_hit,N,N,N,-0.219141807,113.5,0.59,4.47,2.39,0.87,48.55,0.008584855,,
BJ1898911,primary_hit,N,N,N,0.026760052,113.5,0.2,0.91,2.65,-1.1,20.06,-0.073890171,,
BJ1898398,primary_hit,N,N,N,-0.067564784,115.5,3.27,1.28,-0.45,4.57,29.32,-0.135071279,,
BJ1894899,primary_hit,N,N,N,-0.173632426,116.0,-8.05,-7.65,-6.69,-9.7,20.52,-0.040390364,,
BJ1898614,primary_hit,N,N,N,0.045680743,116.5,1.49,2.64,-2.32,-1.44,63.29,-0.036454514,,
BJ1898426,primary_hit,N,N,N,-0.052813577,117.0,-2.08,-5.16,0.14,-2.75,23.86,-0.076925095,,
BJ1898637,primary_hit,N,N,N,-0.318073239,117.5,-0.71,-1.0,-7.3,-11.07,17.87,-0.17672953,,
BJ1898148,primary_hit,N,N,N,-0.245533109,118.5,-0.83,1.38,2.59,2.85,16.38,-0.063360089,,
BJ1898633,primary_hit,N,Y,N,0.201515221,19.5,-1.03,-3.23,-5.41,-4.07,-4.59,-0.114755769,,
BJ1896477,primary_hit,N,Y,N,-0.142490971,24.5,3.59,4.7,3.33,3.51,2.77,0.031878095,,
BJ1897034,primary_hit,N,Y,N,-0.072104662,26.0,-2.12,-2.33,-1.03,-1.29,-7.87,0.155360372,,
BJ1895296,primary_hit,N,Y,N,-0.077378134,26.5,-3.26,0.13,-0.41,-0.83,5.01,-0.044105719,,
BJ1897349,primary_hit,N,Y,N,0.459806117,27.0,-3.34,-0.9,-4.75,-2.69,-6.9,0.054709498,,
BJ1896355,primary_hit,N,Y,N,0.303982379,32.0,-2.07,-0.06,-2.01,1.03,12.62,0.042580392,,
BJ1897387,primary_hit,N,Y,N,-0.039685542,34.0,-2.48,-1.99,-3.58,-5.18,-12.16,-0.077432053,,
BJ1896138,primary_hit,N,Y,N,0.415088938,51.5,-5.11,-3.98,-4.08,-9.07,-29.43,0.075242375,,
BJ1898822,primary_hit,N,Y,N,0.322247853,51.5,1.2,2.0,1.6,1.36,6.36,-0.013877827,,
BJ1897249,primary_hit,N,Y,N,0.457925344,52.0,-0.42,1.56,0.26,-2.24,14.98,0.084109033,,
BJ1898909,primary_hit,N,Y,N,0.0,53.0,1.24,1.39,-1.73,3.39,-24.36,0.295447408,,
BJ1894368,primary_hit,N,Y,N,0.282271721,53.0,-0.44,-0.62,-0.42,-0.17,5.11,-0.068641382,,
BJ1894268,primary_hit,N,Y,Y,0.467229833,53.5,1.9,0.8,0.19,2.8,-4.43,0.895080929,,
BJ1897577,primary_hit,N,Y,Y,0.46457198,54.5,0.19,2.26,10.42,1.95,-1.77,0.691350775,,
BJ1895134,primary_hit,N,Y,Y,0.464604249,56.0,1.3,-0.49,-1.51,1.78,0.59,0.967435671,,
BJ1896240,primary_hit,N,Y,Y,0.43040129,58.0,-0.75,-1.76,-0.97,-4.49,7.29,1.07328898,,
BJ1894546,primary_hit,N,Y,N,0.277352459,58.0,3.47,4.11,4.83,2.74,-3.2,0.051595686,,
BJ1896470,primary_hit,N,Y,Y,0.447000621,58.5,2.77,3.61,2.09,1.08,-6.12,0.854844517,,
BJ1896210,primary_hit,N,Y,N,0.327552694,58.5,0.21,0.45,0.3,-0.08,0.18,-0.07731064,,
BJ1896786,primary_hit,N,Y,Y,0.289506042,59.5,2.1,1.84,1.43,-2.39,-1.32,0.695569331,,
BJ1896251,primary_hit,N,Y,N,0.392480867,59.5,4.02,2.39,1.67,3.26,8.34,-0.057675122,,
BJ1898354,secondary_cp_hit,N,N,Y,0.47,,,,,,,,,
BJ1896658,secondary_cp_hit,N,N,N,0.47,,,,,,,,,
BJ1895656,secondary_cp_hit,N,N,N,0.46,,,,,,,,,
BJ1898698,secondary_cp_hit,N,N,N,0.46,,,,,,,,,
BJ1896133,secondary_cp_hit,N,N,Y,0.46,,,,,,,,,
BJ1895413,secondary_cp_hit,N,N,Y,0.46,,,,,,,,,
BJ1894055,secondary_cp_hit,N,N,Y,0.46,,,,,,,,,
BJ1899036,secondary_cp_hit,N,N,N,0.46,,,,,,,,,
BJ1897270,secondary_cp_hit,N,N,N,0.45,,,,,,,,,
BJ1895221,secondary_cp_hit,N,N,N,0.45,,,,,,,,,
BJ1898928,secondary_cp_hit,N,N,N,0.45,,,,,,,,,
BJ1895977,secondary_cp_hit,N,N,N,0.45,,,,,,,,,
BJ1895133,secondary_cp_hit,N,N,Y,0.45,,,,,,,,,
BJ1897394,secondary_cp_hit,N,N,N,0.45,,,,,,,,,
BJ1894317,secondary_cp_hit,N,N,N,0.45,,,,,,,,,
BJ1895689,secondary_cp_hit,N,N,Y,0.45,,,,,,,,,
BJ1894101,secondary_cp_hit,N,N,N,0.45,,,,,,,,,
BJ1897261,secondary_cp_hit,N,N,N,0.45,,,,,,,,,
BJ1894486,secondary_cp_hit,N,N,N,0.44,,,,,,,,,
BJ1898206,secondary_cp_hit,N,N,N,0.44,,,,,,,,,
BJ1898653,secondary_cp_hit,N,N,N,0.44,,,,,,,,,
BJ1897475,secondary_cp_hit,N,N,Y,0.44,,,,,,,,,
BJ1896821,secondary_cp_hit,N,N,Y,0.44,,,,,,,,,
BJ1897206,secondary_cp_hit,N,N,N,0.44,,,,,,,,,
BJ1897479,secondary_cp_hit,N,N,N,0.44,,,,,,,,,
BJ1895878,secondary_cp_hit,N,N,N,0.44,,,,,,,,,
BJ1897435,secondary_cp_hit,N,N,N,0.44,,,,,,,,,
BJ1898292,secondary_cp_hit,N,N,N,0.44,,,,,,,,,
BJ1894588,secondary_cp_hit,N,N,N,0.43,,,,,,,,,
BJ1895143,secondary_cp_hit,N,N,Y,0.43,,,,,,,,,
BJ1896302,secondary_cp_hit,N,N,N,0.43,,,,,,,,,
BJ1899020,secondary_cp_hit,N,N,Y,0.43,,,,,,,,,
BJ1895854,secondary_cp_hit,N,N,Y,0.43,,,,,,,,,
BJ1898481,secondary_cp_hit,N,N,N,0.43,,,,,,,,,
BJ1899273,secondary_cp_hit,N,N,N,0.43,,,,,,,,,
BJ1894053,secondary_cp_hit,N,N,N,0.43,,,,,,,,,
BJ1898282,secondary_cp_hit,N,N,N,0.43,,,,,,,,,
BJ1895686,secondary_cp_hit,N,N,Y,0.43,,,,,,,,,
BJ1896433,secondary_cp_hit,N,N,N,0.42,,,,,,,,,
BJ1895520,secondary_cp_hit,N,N,N,0.42,,,,,,,,,
BJ1895552,secondary_cp_hit,N,N,N,0.42,,,,,,,,,
BJ1894338,secondary_cp_hit,N,N,N,0.42,,,,,,,,,
DD4386005,secondary_cp_hit,N,N,Y,0.42,,,,,,,,,
BJ1898701,secondary_cp_hit,N,N,N,0.42,,,,,,,,,
BJ1895822,secondary_cp_hit,N,N,N,0.42,,,,,,,,,
BJ1894083,secondary_cp_hit,N,N,N,0.42,,,,,,,,,
BJ1897370,secondary_cp_hit,N,N,N,0.41,,,,,,,,,
BJ1896552,secondary_cp_hit,N,N,N,0.41,,,,,,,,,
BJ1895435,secondary_cp_hit,N,N,N,0.41,,,,,,,,,
BJ1895365,secondary_cp_hit,N,N,N,0.41,,,,,,,,,
BJ1895250,secondary_cp_hit,N,N,Y,0.41,,,,,,,,,
BJ1898441,secondary_cp_hit,N,N,N,0.41,,,,,,,,,
BJ1898079,secondary_cp_hit,N,N,Y,0.41,,,,,,,,,
BJ1894765,secondary_cp_hit,N,N,Y,0.41,,,,,,,,,
BJ1896086,secondary_cp_hit,N,N,N,0.41,,,,,,,,,
BJ1897437,secondary_cp_hit,N,N,N,0.41,,,,,,,,,
BJ1895240,secondary_cp_hit,N,N,N,0.41,,,,,,,,,
BJ1896750,secondary_cp_hit,N,N,Y,0.41,,,,,,,,,
BJ1894099,secondary_cp_hit,N,N,N,0.4,,,,,,,,,
BJ1897410,secondary_cp_hit,N,N,N,0.4,,,,,,,,,
BJ1898543,secondary_cp_hit,N,N,N,0.4,,,,,,,,,
BJ1897614,secondary_cp_hit,N,N,N,0.4,,,,,,,,,
BJ1895553,secondary_cp_hit,N,N,Y,0.4,,,,,,,,,
BJ1898791,secondary_cp_hit,N,N,N,0.4,,,,,,,,,
BJ1898270,secondary_cp_hit,N,N,N,0.4,,,,,,,,,
BJ1894500,secondary_cp_hit,N,N,Y,0.4,,,,,,,,,
BJ1895713,secondary_cp_hit,N,N,N,0.4,,,,,,,,,
BJ1896737,secondary_cp_hit,N,N,N,0.4,,,,,,,,,
BJ1898902,secondary_cp_hit,N,N,N,0.39,,,,,,,,,
BJ1897826,secondary_cp_hit,N,N,N,0.39,,,,,,,,,
BJ1896380,secondary_cp_hit,N,N,N,0.39,,,,,,,,,
BJ1897144,secondary_cp_hit,N,N,Y,0.39,,,,,,,,,
BJ1898869,secondary_cp_hit,N,N,N,0.39,,,,,,,,,
BJ1896076,secondary_cp_hit,N,N,N,0.39,,,,,,,,,
BJ1896517,secondary_cp_hit,N,N,N,0.39,,,,,,,,,
BJ1894426,secondary_cp_hit,N,N,N,0.39,,,,,,,,,
BJ1898180,secondary_cp_hit,N,N,N,0.39,,,,,,,,,
BJ1894170,secondary_cp_hit,N,N,N,0.39,,,,,,,,,
BJ1896092,secondary_cp_hit,N,N,N,0.39,,,,,,,,,
BJ1897091,secondary_cp_hit,N,N,N,0.39,,,,,,,,,
BJ1895901,secondary_cp_hit,N,N,N,0.39,,,,,,,,,
BJ1898190,secondary_cp_hit,N,N,N,0.39,,,,,,,,,
BJ1894440,secondary_cp_hit,N,N,N,0.38,,,,,,,,,
BJ1896924,secondary_cp_hit,N,N,N,0.38,,,,,,,,,
BJ1894961,secondary_cp_hit,N,N,N,0.38,,,,,,,,,
BJ1898373,secondary_cp_hit,N,N,N,0.38,,,,,,,,,
BJ1897640,secondary_cp_hit,N,N,N,0.38,,,,,,,,,
BJ1899084,secondary_cp_hit,N,N,Y,0.38,,,,,,,,,
BJ1898783,secondary_cp_hit,N,N,N,0.38,,,,,,,,,
BJ1897129,secondary_cp_hit,N,N,Y,0.38,,,,,,,,,
BJ1894273,secondary_cp_hit,N,N,N,0.38,,,,,,,,,
BJ1894578,secondary_cp_hit,N,N,N,0.38,,,,,,,,,
BJ1896087,secondary_cp_hit,N,N,N,0.38,,,,,,,,,
BJ1895682,secondary_cp_hit,N,N,N,0.37,,,,,,,,,
BJ1897951,secondary_cp_hit,N,N,N,0.37,,,,,,,,,
BJ1898679,secondary_cp_hit,N,N,Y,0.37,,,,,,,,,
BJ1894922,secondary_cp_hit,N,N,Y,0.37,,,,,,,,,
BJ1897367,secondary_cp_hit,N,N,N,0.37,,,,,,,,,
BJ1896225,secondary_cp_hit,N,N,N,0.37,,,,,,,,,
BJ1897317,secondary_cp_hit,N,N,Y,0.37,,,,,,,,,
BJ1896396,secondary_cp_hit,N,N,N,0.37,,,,,,,,,
BJ1895848,secondary_cp_hit,N,N,N,0.37,,,,,,,,,
BJ1896276,secondary_cp_hit,N,N,N,0.37,,,,,,,,,
BJ1894416,secondary_cp_hit,N,N,N,0.37,,,,,,,,,
BJ1898720,secondary_cp_hit,N,N,N,0.37,,,,,,,,,
BJ1897861,secondary_cp_hit,N,N,N,0.37,,,,,,,,,
BJ1898882,secondary_cp_hit,N,N,N,0.37,,,,,,,,,
BJ1894095,secondary_cp_hit,N,N,N,0.36,,,,,,,,,
BJ1898317,secondary_cp_hit,N,N,N,0.36,,,,,,,,,
BJ1898761,secondary_cp_hit,N,N,N,0.36,,,,,,,,,
BJ1895881,secondary_cp_hit,N,N,N,0.36,,,,,,,,,
BJ1897189,secondary_cp_hit,N,N,N,0.36,,,,,,,,,
BJ1898042,secondary_cp_hit,N,N,N,0.36,,,,,,,,,
BJ1896367,secondary_cp_hit,N,N,N,0.36,,,,,,,,,
BJ1894930,secondary_cp_hit,N,N,N,0.36,,,,,,,,,
BJ1898195,secondary_cp_hit,N,N,N,0.36,,,,,,,,,
BJ1895267,secondary_cp_hit,N,N,N,0.36,,,,,,,,,
BJ1897219,secondary_cp_hit,N,N,N,0.36,,,,,,,,,
BJ1894365,secondary_cp_hit,N,N,N,0.36,,,,,,,,,
BJ1897309,secondary_cp_hit,N,N,N,0.36,,,,,,,,,
BJ1898252,secondary_cp_hit,N,N,N,0.36,,,,,,,,,
BJ1894090,secondary_cp_hit,N,N,Y,0.36,,,,,,,,,
BJ1895866,secondary_cp_hit,N,N,N,0.36,,,,,,,,,
BJ1896036,secondary_cp_hit,N,N,N,0.35,,,,,,,,,
BJ1897395,secondary_cp_hit,N,N,N,0.35,,,,,,,,,
BJ1897601,secondary_cp_hit,N,N,N,0.35,,,,,,,,,
BJ1895436,secondary_cp_hit,N,N,N,0.35,,,,,,,,,
BJ1898569,secondary_cp_hit,N,N,Y,0.35,,,,,,,,,
BJ1898816,secondary_cp_hit,N,N,N,0.35,,,,,,,,,
BJ1895729,secondary_cp_hit,N,N,N,0.35,,,,,,,,,
BJ1894041,secondary_cp_hit,N,N,N,0.35,,,,,,,,,
BJ1897655,secondary_cp_hit,N,N,N,0.35,,,,,,,,,
BJ1897728,secondary_cp_hit,N,N,N,0.35,,,,,,,,,
BJ1894214,secondary_cp_hit,N,N,N,0.35,,,,,,,,,
BJ1898929,secondary_cp_hit,N,N,N,0.35,,,,,,,,,
BJ1899047,secondary_cp_hit,N,N,N,0.35,,,,,,,,,
BJ1898580,secondary_cp_hit,N,N,N,0.34,,,,,,,,,
BJ1897908,secondary_cp_hit,N,N,N,0.34,,,,,,,,,
BJ1898784,secondary_cp_hit,N,N,N,0.34,,,,,,,,,
BJ1898420,secondary_cp_hit,N,N,N,0.34,,,,,,,,,
BJ1895996,secondary_cp_hit,N,N,Y,0.34,,,,,,,,,
BJ1898990,secondary_cp_hit,N,N,N,0.34,,,,,,,,,
BJ1896116,secondary_cp_hit,N,N,N,0.34,,,,,,,,,
BJ1896966,secondary_cp_hit,N,N,N,0.34,,,,,,,,,
BJ1898364,secondary_cp_hit,N,N,N,0.34,,,,,,,,,
BJ1894740,secondary_cp_hit,N,N,N,0.34,,,,,,,,,
BJ1898057,secondary_cp_hit,N,N,Y,0.34,,,,,,,,,
BJ1894959,secondary_cp_hit,N,N,N,0.34,,,,,,,,,
BJ1895241,secondary_cp_hit,N,N,N,0.34,,,,,,,,,
BJ1894016,secondary_cp_hit,N,N,N,0.34,,,,,,,,,
BJ1898179,secondary_cp_hit,N,N,N,0.34,,,,,,,,,
BJ1896591,secondary_cp_hit,N,N,N,0.34,,,,,,,,,
BJ1897964,secondary_cp_hit,N,N,N,0.34,,,,,,,,,
BJ1898291,secondary_cp_hit,N,N,N,0.33,,,,,,,,,
BJ1898146,secondary_cp_hit,N,N,N,0.33,,,,,,,,,
BJ1894183,secondary_cp_hit,N,N,N,0.33,,,,,,,,,
BJ1896437,secondary_cp_hit,N,N,N,0.33,,,,,,,,,
DI1202003,secondary_cp_hit,N,N,N,0.33,,,,,,,,,
BJ1896352,secondary_cp_hit,N,N,N,0.33,,,,,,,,,
BJ1898541,secondary_cp_hit,N,N,N,0.33,,,,,,,,,
BJ1898555,secondary_cp_hit,N,N,N,0.33,,,,,,,,,
BJ1896721,secondary_cp_hit,N,N,N,0.33,,,,,,,,,
BJ1898259,secondary_cp_hit,N,N,N,0.33,,,,,,,,,
BJ1894092,secondary_cp_hit,N,N,Y,0.33,,,,,,,,,
BJ1896631,secondary_cp_hit,N,N,N,0.33,,,,,,,,,
BJ1895876,secondary_cp_hit,N,N,N,0.33,,,,,,,,,
BJ1898268,secondary_cp_hit,N,N,N,0.33,,,,,,,,,
BJ1897234,secondary_cp_hit,N,N,N,0.33,,,,,,,,,
BJ1895767,secondary_cp_hit,N,N,N,0.33,,,,,,,,,
BJ1896827,secondary_cp_hit,N,N,N,0.33,,,,,,,,,
BJ1898615,secondary_cp_hit,N,N,Y,0.33,,,,,,,,,
BJ1897290,secondary_cp_hit,N,N,N,0.33,,,,,,,,,
BJ1897277,secondary_cp_hit,N,N,N,0.33,,,,,,,,,
BJ1896998,secondary_cp_hit,N,N,N,0.32,,,,,,,,,
BJ1896360,secondary_cp_hit,N,N,N,0.32,,,,,,,,,
BJ1894629,secondary_cp_hit,N,N,N,0.32,,,,,,,,,
BJ1898752,secondary_cp_hit,N,N,N,0.32,,,,,,,,,
BJ1896288,secondary_cp_hit,N,N,N,0.32,,,,,,,,,
BJ1898369,secondary_cp_hit,N,N,N,0.32,,,,,,,,,
BJ1896157,secondary_cp_hit,N,N,N,0.32,,,,,,,,,
BJ1898842,secondary_cp_hit,N,N,N,0.32,,,,,,,,,
BJ1895001,secondary_cp_hit,N,N,Y,0.32,,,,,,,,,
BJ1895374,secondary_cp_hit,N,N,N,0.32,,,,,,,,,
BJ1898497,secondary_cp_hit,N,N,N,0.32,,,,,,,,,
BJ1896026,secondary_cp_hit,N,N,N,0.32,,,,,,,,,
BJ1896733,secondary_cp_hit,N,N,Y,0.32,,,,,,,,,
BJ1894960,secondary_cp_hit,N,N,N,0.32,,,,,,,,,
BJ1899002,secondary_cp_hit,N,N,N,0.32,,,,,,,,,
BJ1898757,secondary_cp_hit,N,N,N,0.32,,,,,,,,,
BJ1899068,secondary_cp_hit,N,N,N,0.32,,,,,,,,,
BJ1898376,secondary_cp_hit,N,N,N,0.32,,,,,,,,,
BJ1895057,secondary_cp_hit,N,N,N,0.32,,,,,,,,,
BJ1896173,secondary_cp_hit,N,N,N,0.32,,,,,,,,,
BJ1895624,secondary_cp_hit,N,N,N,0.32,,,,,,,,,
BJ1897149,secondary_cp_hit,N,N,N,0.32,,,,,,,,,
BJ1894180,secondary_cp_hit,N,N,N,0.32,,,,,,,,,
BJ1898644,secondary_cp_hit,N,N,N,0.32,,,,,,,,,
BJ1895961,secondary_cp_hit,N,N,N,0.32,,,,,,,,,
BJ1897156,secondary_cp_hit,N,N,N,0.32,,,,,,,,,
BJ1895843,secondary_cp_hit,N,N,N,0.32,,,,,,,,,
BJ1894725,secondary_cp_hit,N,N,N,0.32,,,,,,,,,
BJ1896904,secondary_cp_hit,N,N,N,0.32,,,,,,,,,
BJ1898071,secondary_cp_hit,N,N,Y,0.31,,,,,,,,,
BJ1894857,secondary_cp_hit,N,N,N,0.31,,,,,,,,,
BJ1894380,secondary_cp_hit,N,N,N,0.31,,,,,,,,,
BJ1895896,secondary_cp_hit,N,N,N,0.31,,,,,,,,,
BJ1894086,secondary_cp_hit,N,N,N,0.31,,,,,,,,,
BJ1894207,secondary_cp_hit,N,N,N,0.31,,,,,,,,,
BJ1898401,secondary_cp_hit,N,N,N,0.31,,,,,,,,,
BJ1898443,secondary_cp_hit,N,N,N,0.31,,,,,,,,,
BJ1896131,secondary_cp_hit,N,N,N,0.31,,,,,,,,,
BJ1897256,secondary_cp_hit,N,N,N,0.31,,,,,,,,,
BJ1896053,secondary_cp_hit,N,N,N,0.31,,,,,,,,,
BJ1897198,secondary_cp_hit,N,N,N,0.31,,,,,,,,,
BJ1897860,secondary_cp_hit,N,N,N,0.31,,,,,,,,,
BJ1896237,secondary_cp_hit,N,N,N,0.31,,,,,,,,,
BJ1894442,secondary_cp_hit,N,N,N,0.3,,,,,,,,,
BJ1897124,secondary_cp_hit,N,N,N,0.3,,,,,,,,,
BJ1897133,secondary_cp_hit,N,N,N,0.3,,,,,,,,,
BJ1894859,secondary_cp_hit,N,N,N,0.3,,,,,,,,,
BJ1898927,secondary_cp_hit,N,N,N,0.3,,,,,,,,,
BJ1895900,secondary_cp_hit,N,N,N,0.3,,,,,,,,,
BJ1898751,secondary_cp_hit,N,N,N,0.3,,,,,,,,,
BJ1895440,secondary_cp_hit,N,N,N,0.3,,,,,,,,,
BJ1898421,secondary_cp_hit,N,N,N,0.3,,,,,,,,,
BJ1896241,secondary_cp_hit,N,N,N,0.3,,,,,,,,,
BJ1896834,secondary_cp_hit,N,N,Y,0.3,,,,,,,,,
BJ1896175,secondary_cp_hit,N,N,N,0.3,,,,,,,,,
BJ1898980,secondary_cp_hit,N,N,N,0.3,,,,,,,,,
BJ1899001,secondary_cp_hit,N,N,N,0.3,,,,,,,,,
BJ1898755,secondary_cp_hit,N,N,N,0.29,,,,,,,,,
BJ1896226,secondary_cp_hit,N,N,Y,0.29,,,,,,,,,
BJ1897407,secondary_cp_hit,N,N,N,0.29,,,,,,,,,
BJ1896166,secondary_cp_hit,N,N,N,0.29,,,,,,,,,
BJ1898910,secondary_cp_hit,N,N,N,0.29,,,,,,,,,
BJ1895292,secondary_cp_hit,N,N,N,0.29,,,,,,,,,
BJ1896466,secondary_cp_hit,N,N,N,0.29,,,,,,,,,
BJ1898153,secondary_cp_hit,N,N,N,0.29,,,,,,,,,
BJ1897362,secondary_cp_hit,N,N,N,0.29,,,,,,,,,
BJ1894786,secondary_cp_hit,N,N,N,0.29,,,,,,,,,
BJ1898549,secondary_cp_hit,N,N,N,0.29,,,,,,,,,
BJ1894602,secondary_cp_hit,N,N,N,0.29,,,,,,,,,
BJ1898316,secondary_cp_hit,N,N,N,0.29,,,,,,,,,
BJ1896439,secondary_cp_hit,N,N,N,0.29,,,,,,,,,
BJ1898463,secondary_cp_hit,N,N,N,0.29,,,,,,,,,
BJ1895952,secondary_cp_hit,N,N,N,0.29,,,,,,,,,
BJ1894290,secondary_cp_hit,N,N,N,0.29,,,,,,,,,
BJ1897055,secondary_cp_hit,N,N,N,0.29,,,,,,,,,
BJ1898487,secondary_cp_hit,N,N,N,0.29,,,,,,,,,
BJ1894315,secondary_cp_hit,N,N,N,0.29,,,,,,,,,
BJ1895707,secondary_cp_hit,N,N,N,0.29,,,,,,,,,
BJ1896320,secondary_cp_hit,N,N,N,0.29,,,,,,,,,
BJ1896686,secondary_cp_hit,N,N,N,0.29,,,,,,,,,
BJ1898762,secondary_cp_hit,N,N,N,0.29,,,,,,,,,
BJ1897959,secondary_cp_hit,N,N,N,0.29,,,,,,,,,
BJ1899056,secondary_cp_hit,N,N,N,0.29,,,,,,,,,
BJ1894422,secondary_cp_hit,N,N,N,0.29,,,,,,,,,
BJ1896653,secondary_cp_hit,N,N,N,0.29,,,,,,,,,
BJ1894128,secondary_cp_hit,N,N,N,0.29,,,,,,,,,
BJ1895723,secondary_cp_hit,N,N,N,0.29,,,,,,,,,
BJ1895351,secondary_cp_hit,N,N,Y,0.28,,,,,,,,,
BJ1896123,secondary_cp_hit,N,N,N,0.28,,,,,,,,,
BJ1896379,secondary_cp_hit,N,N,N,0.28,,,,,,,,,
BJ1898769,secondary_cp_hit,N,N,N,0.28,,,,,,,,,
BJ1895045,secondary_cp_hit,N,N,N,0.28,,,,,,,,,
BJ1898330,secondary_cp_hit,N,N,N,0.28,,,,,,,,,
BJ1897178,secondary_cp_hit,N,N,N,0.28,,,,,,,,,
BJ1898673,secondary_cp_hit,N,N,N,0.28,,,,,,,,,
BJ1896117,secondary_cp_hit,N,N,N,0.28,,,,,,,,,
BJ1898947,secondary_cp_hit,N,N,N,0.28,,,,,,,,,
BJ1895895,secondary_cp_hit,N,N,N,0.28,,,,,,,,,
BJ1894425,secondary_cp_hit,N,N,N,0.28,,,,,,,,,
BJ1896983,secondary_cp_hit,N,N,N,0.28,,,,,,,,,
BJ1898999,secondary_cp_hit,N,N,N,0.28,,,,,,,,,
BJ1894441,secondary_cp_hit,N,N,N,0.28,,,,,,,,,
BJ1895745,secondary_cp_hit,N,N,N,0.28,,,,,,,,,
BJ1895305,secondary_cp_hit,N,N,N,0.28,,,,,,,,,
BJ1895534,secondary_cp_hit,N,N,N,0.28,,,,,,,,,
BJ1899037,secondary_cp_hit,N,N,N,0.28,,,,,,,,,
BJ1898343,secondary_cp_hit,N,N,N,0.28,,,,,,,,,
BJ1897239,secondary_cp_hit,N,N,N,0.28,,,,,,,,,
BJ1895315,secondary_cp_hit,N,N,N,0.28,,,,,,,,,
BJ1895222,secondary_cp_hit,N,N,N,0.28,,,,,,,,,
BJ1897495,secondary_cp_hit,N,N,N,0.28,,,,,,,,,
BJ1895660,secondary_cp_hit,N,N,N,0.28,,,,,,,,,
BJ1896752,secondary_cp_hit,N,N,N,0.28,,,,,,,,,
BJ1895681,secondary_cp_hit,N,N,N,0.28,,,,,,,,,
BJ1894932,secondary_cp_hit,N,N,N,0.28,,,,,,,,,
BJ1897073,secondary_cp_hit,N,N,N,0.28,,,,,,,,,
BJ1894902,secondary_cp_hit,N,N,Y,0.28,,,,,,,,,
BJ1894056,secondary_cp_hit,N,N,N,0.27,,,,,,,,,
BJ1898168,secondary_cp_hit,N,N,N,0.27,,,,,,,,,
BJ1896099,secondary_cp_hit,N,N,N,0.27,,,,,,,,,
BJ1896775,secondary_cp_hit,N,N,N,0.27,,,,,,,,,
BJ1897851,secondary_cp_hit,N,N,N,0.27,,,,,,,,,
BJ1895692,secondary_cp_hit,N,N,N,0.27,,,,,,,,,
BJ1895421,secondary_cp_hit,N,N,N,0.27,,,,,,,,,
BJ1896647,secondary_cp_hit,N,N,N,0.27,,,,,,,,,
BJ1897119,secondary_cp_hit,N,N,N,0.27,,,,,,,,,
BJ1895923,secondary_cp_hit,N,N,N,0.27,,,,,,,,,
BJ1898581,secondary_cp_hit,N,N,N,0.27,,,,,,,,,
BJ1895437,secondary_cp_hit,N,N,N,0.27,,,,,,,,,
BJ1898188,secondary_cp_hit,N,N,N,0.27,,,,,,,,,
BJ1898539,secondary_cp_hit,N,N,N,0.27,,,,,,,,,
BJ1898087,secondary_cp_hit,N,N,N,0.27,,,,,,,,,
BJ1898899,secondary_cp_hit,N,N,N,0.27,,,,,,,,,
BJ1897496,secondary_cp_hit,N,N,N,0.27,,,,,,,,,
BJ1897436,secondary_cp_hit,N,N,N,0.27,,,,,,,,,
BJ1896363,secondary_cp_hit,N,N,N,0.27,,,,,,,,,
BJ1898433,secondary_cp_hit,N,N,N,0.27,,,,,,,,,
DI1244627,analog,,,,,,,,,,,,0.7961432506887053,BJ1898077
BA1000661,analog,,,,,,,,,,,,0.9203821656050956,BJ1898077
176271273,analog,,,,,,,,,,,,0.7947368421052632,BJ1894184
176271270,analog,,,,,,,,,,,,0.810738255033557,BJ1894184
176271266,analog,,,,,,,,,,,,0.847682119205298,BJ1894184
BA1000510,analog,,,,,,,,,,,,0.8321964529331515,BJ1894509
176272399,analog,,,,,,,,,,,,0.8430609597924773,BJ1898014
BA1000223,analog,,,,,,,,,,,,0.9324324324324323,BJ1898014
XX0034184,analog,,,,,,,,,,,,0.8509615384615384,BJ1898852
BA1033486,analog,,,,,,,,,,,,0.753309265944645,BJ1894762
BA1033556,analog,,,,,,,,,,,,0.7667804323094426,BJ1894762
DI1215028,analog,,,,,,,,,,,,0.774281805745554,BJ1894762
XX0019832,analog,,,,,,,,,,,,0.7819025522041764,BJ1894762
176272347,analog,,,,,,,,,,,,0.7833827893175074,BJ1894762
DI1249259,analog,,,,,,,,,,,,0.7904884318766067,BJ1894762
BA1043444,analog,,,,,,,,,,,,0.8351920693928129,BJ1894762
BA1043612,analog,,,,,,,,,,,,0.8527851458885941,BJ1894762
BA1046766,analog,,,,,,,,,,,,0.8674388674388674,BJ1894762
BA1045451,analog,,,,,,,,,,,,0.8872282608695652,BJ1894762
BA1041286,analog,,,,,,,,,,,,0.8896952104499274,BJ1894762
XX0021226,analog,,,,,,,,,,,,0.9006896551724138,BJ1894762
176272344,analog,,,,,,,,,,,,0.9361111111111112,BJ1894762
BA1000055,analog,,,,,,,,,,,,0.9480712166172108,BJ1894762
BA1032137,analog,,,,,,,,,,,,0.759956942949408,BJ1895651
BJ1835595,analog,,,,,,,,,,,,0.759956942949408,BJ1895651
176272941,analog,,,,,,,,,,,,0.7929465301478953,BJ1895651
XX0021713,analog,,,,,,,,,,,,0.7763636363636364,BJ1894069
BA1041777,analog,,,,,,,,,,,,0.871268656716418,BJ1894069
BJ1834423,analog,,,,,,,,,,,,0.7502553626149132,BJ1894223
DI1265563,analog,,,,,,,,,,,,0.7503766951280764,BJ1894223
XX0002459,analog,,,,,,,,,,,,0.7522613065326633,BJ1894223
XX0030211,analog,,,,,,,,,,,,0.7550100200400801,BJ1894223
176272547,analog,,,,,,,,,,,,0.7564819522114896,BJ1894223
BA1047391,analog,,,,,,,,,,,,0.7575150300601202,BJ1894223
DI1214779,analog,,,,,,,,,,,,0.7635910224438903,BJ1894223
BJ1848156,analog,,,,,,,,,,,,0.7779471544715447,BJ1894223
BA1043224,analog,,,,,,,,,,,,0.783689706613625,BJ1894223
BJ1838080,analog,,,,,,,,,,,,0.7850421000495295,BJ1894223
BJ1886228,analog,,,,,,,,,,,,0.7871287128712872,BJ1894223
BJ1852303,analog,,,,,,,,,,,,0.7878250591016549,BJ1894223
BJ1838368,analog,,,,,,,,,,,,0.7894997523526498,BJ1894223
BJ1852292,analog,,,,,,,,,,,,0.7941636268890047,BJ1894223
BJ1852302,analog,,,,,,,,,,,,0.7991921523369879,BJ1894223
XX0042586,analog,,,,,,,,,,,,0.8021664766248575,BJ1894223
176271529,analog,,,,,,,,,,,,0.809548521017125,BJ1894223
176271307,analog,,,,,,,,,,,,0.8097713097713097,BJ1894223
176271559,analog,,,,,,,,,,,,0.8098958333333334,BJ1894223
BJ1835423,analog,,,,,,,,,,,,0.8103896103896104,BJ1894223
BJ1852278,analog,,,,,,,,,,,,0.8111632759520083,BJ1894223
176271318,analog,,,,,,,,,,,,0.8164754953076121,BJ1894223
176271322,analog,,,,,,,,,,,,0.8276805251641138,BJ1894223
176271338,analog,,,,,,,,,,,,0.8662790697674418,BJ1894223
BJ1852277,analog,,,,,,,,,,,,0.8743485813549507,BJ1894223
176271163,analog,,,,,,,,,,,,0.8743485813549507,BJ1894223
176272544,analog,,,,,,,,,,,,0.8749255509231686,BJ1894223
BJ1852276,analog,,,,,,,,,,,,0.9245169082125604,BJ1894223
BA1000662,analog,,,,,,,,,,,,0.9278350515463918,BJ1894223
176272282,analog,,,,,,,,,,,,0.9278350515463918,BJ1894223
BJ1852295,analog,,,,,,,,,,,,0.930741190765492,BJ1894223
BA1000300,analog,,,,,,,,,,,,0.9341463414634148,BJ1894223
AC2214785,analog,,,,,,,,,,,,0.7845528455284553,BJ1896407
BA1046785,analog,,,,,,,,,,,,0.8344017094017094,BJ1896407
BA1043301,analog,,,,,,,,,,,,0.8346153846153846,BJ1895283
BJ1848041,analog,,,,,,,,,,,,0.7648026315789473,BJ1895069
DI1223002,analog,,,,,,,,,,,,0.7730496453900709,BJ1895069
176271139,analog,,,,,,,,,,,,0.8229166666666666,BJ1895069
BJ1835778,analog,,,,,,,,,,,,0.85273492286115,BJ1895069
BJ1848013,analog,,,,,,,,,,,,0.7786561264822134,BJ1898324
176271207,analog,,,,,,,,,,,,0.7745716862037872,BJ1894256
BJ1845418,analog,,,,,,,,,,,,0.7833859095688749,BJ1894256
176271132,analog,,,,,,,,,,,,0.8174946004319654,BJ1894256
BA1031485,analog,,,,,,,,,,,,0.7723880597014925,BJ1896266
BJ1835308,analog,,,,,,,,,,,,0.7840796019900498,BJ1896266
DI1269304,analog,,,,,,,,,,,,0.7557643040136636,BJ1895367
DI1251332,analog,,,,,,,,,,,,0.7637457044673539,BJ1895367
DI1255030,analog,,,,,,,,,,,,0.7672209026128266,BJ1895367
BA1045523,analog,,,,,,,,,,,,0.7770700636942676,BJ1895367
DI1244026,analog,,,,,,,,,,,,0.7808939526730938,BJ1895367
BA1041483,analog,,,,,,,,,,,,0.8005390835579514,BJ1895367
BA1045769,analog,,,,,,,,,,,,0.802675585284281,BJ1895367
BA1043719,analog,,,,,,,,,,,,0.8056057866184448,BJ1895367
BA1043523,analog,,,,,,,,,,,,0.8119266055045872,BJ1895367
BA1043664,analog,,,,,,,,,,,,0.8234758871701547,BJ1895367
BA1043507,analog,,,,,,,,,,,,0.8234758871701547,BJ1895367
BA1043552,analog,,,,,,,,,,,,0.8972477064220183,BJ1895367
BJ1834293,analog,,,,,,,,,,,,0.7638036809815951,BJ1898579
BJ1886397,analog,,,,,,,,,,,,0.7622801697998787,BJ1898164
AC2215162,analog,,,,,,,,,,,,0.7666666666666667,BJ1898164
XX0062346,analog,,,,,,,,,,,,0.7813738441215323,BJ1898164
BJ1834197,analog,,,,,,,,,,,,0.7861386138613862,BJ1898164
176272415,analog,,,,,,,,,,,,0.8008595988538681,BJ1898131
DI1223382,analog,,,,,,,,,,,,0.8042553191489362,BJ1898131
BA1044364,analog,,,,,,,,,,,,0.8968133535660091,BJ1898131
BJ1886332,analog,,,,,,,,,,,,0.7589348283111422,BJ1898589
BJ1852408,analog,,,,,,,,,,,,0.7510121457489879,BJ1899227
176272472,analog,,,,,,,,,,,,0.7586558044806517,BJ1899227
DI1227924,analog,,,,,,,,,,,,0.7774193548387097,BJ1899227
DI1242486,analog,,,,,,,,,,,,0.7923169267707083,BJ1899227
DI1242880,analog,,,,,,,,,,,,0.8149386845039019,BJ1899227
AC2244381,analog,,,,,,,,,,,,0.8417350527549824,BJ1899227
DI1247169,analog,,,,,,,,,,,,0.857981220657277,BJ1899227
DI1249756,analog,,,,,,,,,,,,0.75,BJ1894492
BA1043298,analog,,,,,,,,,,,,0.81640625,BJ1894492
BA1041666,analog,,,,,,,,,,,,0.8293650793650794,BJ1894492
176271551,analog,,,,,,,,,,,,0.7988736926790024,BJ1895743
BA1034384,analog,,,,,,,,,,,,0.8901408450704226,BJ1895621
BA1043366,analog,,,,,,,,,,,,0.7809694793536804,BJ1896314
BA1043398,analog,,,,,,,,,,,,0.7864583333333334,BJ1896314
BA1043226,analog,,,,,,,,,,,,0.7905759162303665,BJ1896314
BA1043349,analog,,,,,,,,,,,,0.814748201438849,BJ1896314
BA1048040,analog,,,,,,,,,,,,0.822141560798548,BJ1896314
XX0036774,analog,,,,,,,,,,,,0.822141560798548,BJ1896314
DI1253612,analog,,,,,,,,,,,,0.8281535648994516,BJ1896314
BA1043352,analog,,,,,,,,,,,,0.8373382624768947,BJ1896314
BA1041753,analog,,,,,,,,,,,,0.8404452690166976,BJ1896314
BA1043289,analog,,,,,,,,,,,,0.8467289719626169,BJ1896314
BA1032160,analog,,,,,,,,,,,,0.8515037593984962,BJ1896314
176248067,analog,,,,,,,,,,,,0.7684407096171803,BJ1895977
BA1033464,analog,,,,,,,,,,,,0.8207739307535642,BJ1895977
DI1215217,analog,,,,,,,,,,,,0.8598949211908932,BJ1895977
BA1045874,analog,,,,,,,,,,,,0.7965116279069767,BJ1894182
BA1001199,analog,,,,,,,,,,,,0.76,BJ1897577
176272805,analog,,,,,,,,,,,,0.8418640183346066,BJ1895213
176271062,analog,,,,,,,,,,,,0.7966101694915254,BJ1894043
176271061,analog,,,,,,,,,,,,0.8668032786885246,BJ1894043
XX0002510,analog,,,,,,,,,,,,0.7937743190661478,BJ1896405
BA1041811,analog,,,,,,,,,,,,0.796692607003891,BJ1896405
DI1251367,analog,,,,,,,,,,,,0.8066604995374653,BJ1896405
DI1252050,analog,,,,,,,,,,,,0.857847976307996,BJ1896405
DI1235174,analog,,,,,,,,,,,,0.872255489021956,BJ1896405
176272823,analog,,,,,,,,,,,,0.934351145038168,BJ1895019
XX0017358,analog,,,,,,,,,,,,0.8378048780487805,BJ1894365
DI1247284,analog,,,,,,,,,,,,0.8216482164821648,BJ1897531
XX0041473,analog,,,,,,,,,,,,0.8138138138138138,BJ1894766
BA1042277,analog,,,,,,,,,,,,0.8228043143297381,BJ1894766
BA1041410,analog,,,,,,,,,,,,0.8419354838709677,BJ1894766
BJ1872609,analog,,,,,,,,,,,,0.837979094076655,BJ1895962
BA1043813,analog,,,,,,,,,,,,0.8156498673740054,BJ1895143
XX0014997,analog,,,,,,,,,,,,0.8033898305084746,BJ1894548
XX0018894,analog,,,,,,,,,,,,0.750627195183141,BJ1897129
BA1037794,analog,,,,,,,,,,,,0.7515,BJ1897129
BA1000577,analog,,,,,,,,,,,,0.7523809523809524,BJ1897129
DI1248497,analog,,,,,,,,,,,,0.7533632286995515,BJ1897129
XX0018659,analog,,,,,,,,,,,,0.7539761431411531,BJ1897129
176272428,analog,,,,,,,,,,,,0.7586206896551724,BJ1897129
XX0018652,analog,,,,,,,,,,,,0.7607940446650124,BJ1897129
BJ1838070,analog,,,,,,,,,,,,0.7622133599202393,BJ1897129
XX0017282,analog,,,,,,,,,,,,0.7625935162094764,BJ1897129
XX0045067,analog,,,,,,,,,,,,0.7690782953419227,BJ1897129
BA1038220,analog,,,,,,,,,,,,0.775236200895077,BJ1897129
BJ1850020,analog,,,,,,,,,,,,0.7704426106526632,BJ1899137
XX0018965,analog,,,,,,,,,,,,0.8093622795115333,BJ1899137
XX0018847,analog,,,,,,,,,,,,0.8142076502732241,BJ1899137
XX0018402,analog,,,,,,,,,,,,0.8416779431664412,BJ1899137
DI1216714,analog,,,,,,,,,,,,0.7818853974121996,BJ1894095
176271125,analog,,,,,,,,,,,,0.8983050847457628,BJ1894055
XX0017004,analog,,,,,,,,,,,,0.7685290763968073,BJ1895134
BA1031487,analog,,,,,,,,,,,,0.8333333333333334,BJ1895134
BA1032175,analog,,,,,,,,,,,,0.8352803738317757,BJ1895134
DI1215031,analog,,,,,,,,,,,,0.9237726098191216,BJ1895134
176272518,analog,,,,,,,,,,,,0.9383202099737532,BJ1895134
DI1231693,analog,,,,,,,,,,,,0.8504435994930292,BJ1897437
AC2245150,analog,,,,,,,,,,,,0.750390015600624,BJ1897640
XX0044888,analog,,,,,,,,,,,,0.7572663000785546,BJ1897640
XX0018966,analog,,,,,,,,,,,,0.7635893011216566,BJ1897640
XX0017006,analog,,,,,,,,,,,,0.7640984908657665,BJ1897640
AC2244949,analog,,,,,,,,,,,,0.7659574468085106,BJ1897640
AC2244673,analog,,,,,,,,,,,,0.7688564476885644,BJ1897640
AC2244349,analog,,,,,,,,,,,,0.7704654895666132,BJ1897640
AC4704351,analog,,,,,,,,,,,,0.771382893685052,BJ1897640
AC2244415,analog,,,,,,,,,,,,0.7721417069243156,BJ1897640
XX0018278,analog,,,,,,,,,,,,0.7745571658615137,BJ1897640
DI1220585,analog,,,,,,,,,,,,0.7761194029850746,BJ1897640
DI1224391,analog,,,,,,,,,,,,0.7775974025974026,BJ1897640
XX0017003,analog,,,,,,,,,,,,0.778675282714055,BJ1897640
AC2245344,analog,,,,,,,,,,,,0.7790322580645161,BJ1897640
XX0017005,analog,,,,,,,,,,,,0.7806873977086743,BJ1897640
XX0019414,analog,,,,,,,,,,,,0.7815810920945395,BJ1897640
AC2244411,analog,,,,,,,,,,,,0.7818930041152263,BJ1897640
AC2244364,analog,,,,,,,,,,,,0.783003300330033,BJ1897640
AC2244399,analog,,,,,,,,,,,,0.7837171052631579,BJ1897640
AC2244400,analog,,,,,,,,,,,,0.7843775427176566,BJ1897640
XX0018204,analog,,,,,,,,,,,,0.7867768595041322,BJ1897640
XX0018002,analog,,,,,,,,,,,,0.7898671096345515,BJ1897640
XX0018967,analog,,,,,,,,,,,,0.7909090909090909,BJ1897640
AC2244383,analog,,,,,,,,,,,,0.7909698996655519,BJ1897640
AC2244382,analog,,,,,,,,,,,,0.7921207041072925,BJ1897640
BA1031910,analog,,,,,,,,,,,,0.7924217462932455,BJ1897640
AC2244388,analog,,,,,,,,,,,,0.7933333333333333,BJ1897640
AC2244357,analog,,,,,,,,,,,,0.7934508816120907,BJ1897640
AC2244356,analog,,,,,,,,,,,,0.7944630872483222,BJ1897640
AC2244410,analog,,,,,,,,,,,,0.7945091514143094,BJ1897640
AC2244403,analog,,,,,,,,,,,,0.7963118189438391,BJ1897640
AC2244408,analog,,,,,,,,,,,,0.803265306122449,BJ1897640
BJ1802273,analog,,,,,,,,,,,,0.7558247903075489,BJ1896133
XX0028161,analog,,,,,,,,,,,,0.7572614107883817,BJ1896133
XX0017318,analog,,,,,,,,,,,,0.7719821162444114,BJ1894657
XX0029081,analog,,,,,,,,,,,,0.8037518037518038,BJ1894657
176271073,analog,,,,,,,,,,,,0.8401486988847584,BJ1894101
176272311,analog,,,,,,,,,,,,0.7743813682678311,BJ1896858
DD4386006,antiviral_control,,,,,,,,,,,,,
DI1202001,antiviral_control,,,,,,,,,,,,,
DO8167002,antiviral_control,,,,,,,,,,,,,
[flup],cp_control,,,,,,,,,,,,,
[etop],cp_control,,,,,,,,,,,,,
[fenb],cp_control,,,,,,,,,,,,,
[stau],cp_control,,,,,,,,,,,,,
DMSO,solvent_control,,,,,,,,,,,,,
